"Site","Count","LowSS","LowFrac"
"HARV_tower",150,63,0.42
"TALL_tower",80,32,0.4
"SJER_tower",31,12,0.387096774193548
"SCBI_tower",118,41,0.347457627118644
"NIWO_tower",75,26,0.346666666666667
"WOOD_tower",142,34,0.23943661971831
"UNDE_tower",152,33,0.217105263157895
"YELL_tower",95,18,0.189473684210526
"OSBS_tower",75,13,0.173333333333333
"CPER_tower",109,18,0.165137614678899
"WREF_tower",75,11,0.146666666666667
"CLBJ_tower",74,5,0.0675675675675676
