"Site","Count","LowSS","LowFrac"
"TALL_tower",80,31,0.3875
"NIWO_tower",75,27,0.36
"HARV_tower",150,52,0.346666666666667
"SCBI_tower",118,37,0.313559322033898
"SJER_tower",31,8,0.258064516129032
"WOOD_tower",142,34,0.23943661971831
"UNDE_tower",152,34,0.223684210526316
"YELL_tower",95,18,0.189473684210526
"OSBS_tower",75,13,0.173333333333333
"CPER_tower",109,18,0.165137614678899
"WREF_tower",75,9,0.12
"CLBJ_tower",74,2,0.027027027027027
